{"lRQMjuR5Rd2Eug374/rHeQ==":"free-high-res-texture-105-3485558654-o.jpg","VGsrccu8vDUYqR4L3fRfcw==":"mbr.jpg","mwBD9rfWR65t/7we74MFIg==":"mbr-1.jpg","crijCr3nKz/TLTBqmflphg==":"mbr-2.jpg","Cesjxe6cW0NYFSAP4kiRig==":"features1.jpg","703jGkvtoXpxbZTG7S89UA==":"features2.jpg","HUfpc9SvDwBk7sbVG2SgiA==":"features3.jpg","WeIcOp+qLfFEPxVAXUUAEA==":"features4.jpg","x07BHxRMJ/JuNpXF3w6UKQ==":"mbr-696x464.jpg","Qx38INKRC8Om++/g9w0dCA==":"whatsapp%20image%202021-06-29%20at%209.28.12%20pm-1024x1024.jpg","ZBe5TaOwglnWfSu6h9Xz2w==":"whatsapp%20image%202021-06-29%20at%209.26.48%20pm-1024x1024.jpg","WD/ZwFXHD9L1Qv98U/2pJg==":"whatsapp%20image%202021-06-29%20at%209.26.38%20pm-1024x1024.jpg","CBgZ1kyhtBsJQb1lsKhVog==":"whatsapp%20image%202021-06-29%20at%209.26.28%20pm-1024x1024.jpg","xqqRbvjIboClUovV9mM+AQ==":"whatsapp%20image%202021-06-29%20at%209.26.01%20pm-1024x1024.jpg","0zvsR6Aupa+QzOauxg1Oww==":"whatsapp%20image%202021-06-29%20at%209.25.50%20pm-1024x1024.jpg","wDVs1UR8r4jOUyGKMxBn4g==":"whatsapp%20image%202021-06-29%20at%209.25.36%20pm-1024x1024.jpg","oRykAiO0rUD++7AmPeEwUg==":"background1.jpg","BXKLDH6I40jia22zZCdqgg==":"mbr-594x396.jpg","qLE7UjSxL7mBU4JUkJtKUQ==":"mbr-1-594x396.jpg"}